dataset,n,p,density,GapSafe,Hessian,Working,EDPP
cadata,20640,8,1,1.6490165170000002,0.196070894,1.4164099655,1.4853105205000001
e2006-log1p,16087,4272227,0.0014074729668371701,13248.310966109999,194.04986333033332,203.8868209505,942.1920409365
e2006-tfidf,16087,150360,0.00825643866543507,565.035358639,29.2734757705,66.8054241945,336.687810594
YearPredMSD,463715,90,1,196.4873408875,46.913778621,158.8627535535,142.20506994800002
